"Setor";"Emitente";"Nº Fatura / ATCUD";"Tipo";"Data Emissão";"Total";"IVA";"Base Tributável";"Situação";"Comunicação  Emitente";"Comunicação  Adquirente"
"Outros";"506848558 - Bcm Bricolage S A";"FT 20250021201/005379 / JJXJX4J5-005379";"Fatura";"2025-06-14";"2.069,22 €";"386,93 €";"1.682,29 €";"Registado";"X";""
"Outros";"506848558 - Bcm Bricolage S A";"NC 20250021203/004833 / JJXX9K3X-004833";"Nota de crédito";"2025-06-14";"2.069,22 €";"386,93 €";"1.682,29 €";"Registado";"X";""
"Outros";"506848558 - Bcm Bricolage S A";"FT 20250020701/009489 / JJXMXWCS-009489";"Fatura";"2025-05-24";"2.069,22 €";"386,93 €";"1.682,29 €";"Registado";"X";""
"";"503630330 - Worten - Equipamentos Para o Lar S A";"FT CDT007/066799 / JF594YV7-066799";"Fatura";"2025-07-26";"2.283,44 €";"368,83 €";"1.914,61 €";"Pendente";"X";""
"Outros";"506848558 - Bcm Bricolage S A";"FS 20250026402/027955 / JJXYM2R4-027955";"Fatura simplificada";"2025-07-24";"372,82 €";"69,71 €";"303,11 €";"Registado";"X";""
"";"505416654 - Ikea Portugal Moveis e Decoração Lda";"FAC 3670702025/0009133 / JJP52DBZ-0009133";"Fatura";"2025-07-19";"316,70 €";"59,21 €";"257,49 €";"Pendente";"X";""
"Outros";"506848558 - Bcm Bricolage S A";"NC 20250028103/003183 / JJXV9XJT-003183";"Nota de crédito";"2025-07-15";"257,86 €";"48,22 €";"209,64 €";"Registado";"X";""
"Outros";"506848558 - Bcm Bricolage S A";"FT 20250028101/004537 / JJXFX4VS-004537";"Fatura";"2025-07-15";"257,86 €";"48,22 €";"209,64 €";"Registado";"X";""
"Outros";"506848558 - Bcm Bricolage S A";"FT 20250022801/013116 / JJX3X452-013116";"Fatura";"2025-07-06";"257,86 €";"48,22 €";"209,64 €";"Registado";"X";""
"Outros";"506848558 - Bcm Bricolage S A";"FT 20250020901/023657 / JJXPXW8R-023657";"Fatura";"2025-07-25";"220,91 €";"41,31 €";"179,60 €";"Registado";"X";""
"Outros";"506848558 - Bcm Bricolage S A";"NC 20250022203/017186 / JJXK9KWX-017186";"Nota de crédito";"2025-07-25";"207,39 €";"38,78 €";"168,61 €";"Registado";"X";""
"";"500829993 - Pingo Doce Distribuicao Alimentar Sa";"FS 08680042212212020/313112 / JFVD3FPF-313112";"Fatura simplificada";"2025-11-02";"247,54 €";"30,43 €";"217,11 €";"Pendente";"X";""
"";"500829993 - Pingo Doce Distribuicao Alimentar Sa";"FS 08680042212212020/303016 / JFVD3FPF-303016";"Fatura simplificada";"2025-09-27";"196,61 €";"26,23 €";"170,38 €";"Pendente";"X";""
"";"503630330 - Worten - Equipamentos Para o Lar S A";"FT CDT001/068106 / JF5X4YNR-068106";"Fatura";"2025-07-23";"139,98 €";"26,18 €";"113,80 €";"Pendente";"X";""
"";"500829993 - Pingo Doce Distribuicao Alimentar Sa";"FS 08680022212212020/256106 / JFV73FG5-256106";"Fatura simplificada";"2025-09-10";"185,79 €";"23,87 €";"161,92 €";"Pendente";"X";""
"";"500829993 - Pingo Doce Distribuicao Alimentar Sa";"FS 08680042212212020/286897 / JFVD3FPF-286897";"Fatura simplificada";"2025-08-06";"195,91 €";"23,40 €";"172,51 €";"Pendente";"X";""
"";"500829993 - Pingo Doce Distribuicao Alimentar Sa";"FS 08680652212212020/280254 / JFVN3FY2-280254";"Fatura simplificada";"2025-12-01";"169,16 €";"23,16 €";"146,00 €";"Pendente";"X";""
"Outros";"510183743 - Guess Portugal Lda";"FS 287VDA/211736 / JF28J6ZS-211736";"Fatura simplificada";"2025-11-29";"118,60 €";"22,18 €";"96,42 €";"Registado";"X";""
"Outros";"507170490 - Lojas Primark Portugal - Exploração Gestão e Administração de Espaços Comerciais S A";"FS 422014003/28805 / JJRSGWS5-28805";"Fatura simplificada";"2025-10-16";"105,30 €";"19,69 €";"85,61 €";"Registado";"X";""
"Outros";"510183743 - Guess Portugal Lda";"FS 287VDA/213652 / JF28J6ZS-213652";"Fatura simplificada";"2025-12-10";"100,20 €";"18,74 €";"81,46 €";"Registado";"X";""
"";"503630330 - Worten - Equipamentos Para o Lar S A";"NC CDT008/094423 / JF5H4YVD-094423";"Nota de crédito";"2025-08-08";"99,99 €";"18,70 €";"81,29 €";"Pendente";"X";""
"Outros";"510183743 - Guess Portugal Lda";"NC 287VDA/123509 / JF2RJ5K8-123509";"Nota de crédito";"2025-12-10";"99,90 €";"18,68 €";"81,22 €";"Registado";"X";""
"Outros";"510183743 - Guess Portugal Lda";"NC 287VDA/123510 / JF2RJ5K8-123510";"Nota de crédito";"2025-12-10";"99,90 €";"18,68 €";"81,22 €";"Registado";"X";""
"Outros";"510183743 - Guess Portugal Lda";"FS 287VDA/213649 / JF28J6ZS-213649";"Fatura simplificada";"2025-12-10";"99,90 €";"18,68 €";"81,22 €";"Registado";"X";""
"";"500829993 - Pingo Doce Distribuicao Alimentar Sa";"FS 08680022212212020/241652 / JFV73FG5-241652";"Fatura simplificada";"2025-06-28";"176,52 €";"16,78 €";"159,74 €";"Pendente";"X";""
"Outros";"510183743 - Guess Portugal Lda";"FS 287VDA/211715 / JF28J6ZS-211715";"Fatura simplificada";"2025-11-29";"83,60 €";"15,63 €";"67,97 €";"Registado";"X";""
"Outros";"506848558 - Bcm Bricolage S A";"NC 20250028103/003201 / JJXV9XJT-003201";"Nota de crédito";"2025-07-15";"82,93 €";"15,51 €";"67,42 €";"Registado";"X";""
"Outros";"506848558 - Bcm Bricolage S A";"FT 20250028101/004561 / JJXFX4VS-004561";"Fatura";"2025-07-15";"82,93 €";"15,51 €";"67,42 €";"Registado";"X";""
"Outros";"506848558 - Bcm Bricolage S A";"FT 20250021201/005475 / JJXJX4J5-005475";"Fatura";"2025-06-20";"82,93 €";"15,51 €";"67,42 €";"Registado";"X";""
"Outros";"506848558 - Bcm Bricolage S A";"NC 20250021203/004939 / JJXX9K3X-004939";"Nota de crédito";"2025-06-20";"82,93 €";"15,51 €";"67,42 €";"Registado";"X";""
"";"500829993 - Pingo Doce Distribuicao Alimentar Sa";"FS 08680042212212020/282973 / JFVD3FPF-282973";"Fatura simplificada";"2025-07-24";"78,92 €";"14,50 €";"64,42 €";"Pendente";"X";""
"Outros";"507170490 - Lojas Primark Portugal - Exploração Gestão e Administração de Espaços Comerciais S A";"FS 422010003/54809 / JJRTGWZY-54809";"Fatura simplificada";"2025-11-01";"72,30 €";"13,52 €";"58,78 €";"Registado";"X";""
"";"516731564 - Petroseteais - Postos de Abastecimento e Lojas de Conveniencia Lda";"FS 263762001/288250 / JJVN9M2W-288250";"Fatura simplificada";"2025-08-24";"70,00 €";"13,09 €";"56,91 €";"Pendente";"X";""
"Outros";"502604751 - Nos Comunicações S A";"FT 202590/2656649 / JJBHKNJK-2656649";"Fatura";"2025-09-02";"69,26 €";"12,95 €";"56,31 €";"Registado";"X";""
"";"500052999 - Fuelgest 24 - Exploração de Postos de Abastecimento e Lojas de Conveniência - Sociedade Unipessoal Lda";"FS 270083005/144723 / JJ9XMJHY-144723";"Fatura simplificada";"2025-07-15";"67,05 €";"12,54 €";"54,51 €";"Pendente";"X";""
"";"516731564 - Petroseteais - Postos de Abastecimento e Lojas de Conveniencia Lda";"FS 263762001/250028 / JJVN9M2W-250028";"Fatura simplificada";"2025-06-29";"60,00 €";"11,22 €";"48,78 €";"Pendente";"X";""
"Outros";"517845687 - Alchemy Explorers - Combustiveis Lda";"FT 012010016088FAAA00000111612025/000011475 / JJBF99ZM-000011475";"Fatura-recibo";"2025-05-24";"60,00 €";"11,22 €";"48,78 €";"Registado";"X";""
"";"500052999 - Fuelgest 24 - Exploração de Postos de Abastecimento e Lojas de Conveniência - Sociedade Unipessoal Lda";"FS 270083005/140270 / JJ9XMJHY-140270";"Fatura simplificada";"2025-07-09";"57,00 €";"10,66 €";"46,34 €";"Pendente";"X";""
"Outros";"502604751 - Nos Comunicações S A";"FT 202590/3553712 / JJBHKNJK-3553712";"Fatura";"2025-12-03";"53,95 €";"10,09 €";"43,86 €";"Registado";"X";""
"";"503074586 - Spdad Soc Portuguesa de Distribuição de Artigos de Desporto Unipessoal Lda";"FS 00700448022023S00/0231857 / JF24MH75-0231857";"Fatura simplificada";"2025-11-29";"50,80 €";"9,50 €";"41,30 €";"Pendente";"X";""
"";"500829993 - Pingo Doce Distribuicao Alimentar Sa";"FS 08680912407251530/060865 / JJKZWZ95-060865";"Fatura simplificada";"2025-07-09";"103,72 €";"9,40 €";"94,32 €";"Pendente";"X";""
"";"516731564 - Petroseteais - Postos de Abastecimento e Lojas de Conveniencia Lda";"FS 263762001/350626 / JJVN9M2W-350626";"Fatura simplificada";"2025-11-29";"50,00 €";"9,35 €";"40,65 €";"Pendente";"X";""
"";"500829993 - Pingo Doce Distribuicao Alimentar Sa";"FS 06560772502131556/047377 / JJR9C4BD-047377";"Fatura simplificada";"2025-09-20";"61,85 €";"8,97 €";"52,88 €";"Pendente";"X";""
"Outros";"502604751 - Nos Comunicações S A";"FT 202590/2956562 / JJBHKNJK-2956562";"Fatura";"2025-10-02";"47,48 €";"8,88 €";"38,60 €";"Registado";"X";""
"Outros";"502604751 - Nos Comunicações S A";"FT 202590/3255690 / JJBHKNJK-3255690";"Fatura";"2025-11-04";"46,99 €";"8,79 €";"38,20 €";"Registado";"X";""
"Outros";"506848558 - Bcm Bricolage S A";"FT 20250022801/013115 / JJX3X452-013115";"Fatura";"2025-07-06";"46,45 €";"8,69 €";"37,76 €";"Registado";"X";""
"";"500829993 - Pingo Doce Distribuicao Alimentar Sa";"FS 08680032302212339/089187 / JFGG77HT-089187";"Fatura simplificada";"2025-10-17";"87,46 €";"8,19 €";"79,27 €";"Pendente";"X";""
"";"500829993 - Pingo Doce Distribuicao Alimentar Sa";"FS 07070032309211006/201672 / JFDKG9VP-201672";"Fatura simplificada";"2025-12-26";"55,11 €";"7,96 €";"47,15 €";"Pendente";"X";""
"";"500829993 - Pingo Doce Distribuicao Alimentar Sa";"FS 08680922407240849/077778 / JJK739TP-077778";"Fatura simplificada";"2025-11-23";"50,80 €";"7,67 €";"43,13 €";"Pendente";"X";""
"";"500829993 - Pingo Doce Distribuicao Alimentar Sa";"FS 08680042212212020/306135 / JFVD3FPF-306135";"Fatura simplificada";"2025-10-08";"46,58 €";"7,66 €";"38,92 €";"Pendente";"X";""
"";"516731564 - Petroseteais - Postos de Abastecimento e Lojas de Conveniencia Lda";"FS 263762001/354652 / JJVN9M2W-354652";"Fatura simplificada";"2025-12-04";"40,00 €";"7,48 €";"32,52 €";"Pendente";"X";""
"";"516731564 - Petroseteais - Postos de Abastecimento e Lojas de Conveniencia Lda";"FS 263762001/347169 / JJVN9M2W-347169";"Fatura simplificada";"2025-11-23";"40,00 €";"7,48 €";"32,52 €";"Pendente";"X";""
"";"516731564 - Petroseteais - Postos de Abastecimento e Lojas de Conveniencia Lda";"FS 263762001/343805 / JJVN9M2W-343805";"Fatura simplificada";"2025-11-17";"40,00 €";"7,48 €";"32,52 €";"Pendente";"X";""
"";"516731564 - Petroseteais - Postos de Abastecimento e Lojas de Conveniencia Lda";"FS 263762001/335858 / JJVN9M2W-335858";"Fatura simplificada";"2025-11-05";"40,00 €";"7,48 €";"32,52 €";"Pendente";"X";""
"";"516731564 - Petroseteais - Postos de Abastecimento e Lojas de Conveniencia Lda";"FS 263762001/280183 / JJVN9M2W-280183";"Fatura simplificada";"2025-08-10";"40,00 €";"7,48 €";"32,52 €";"Pendente";"X";""
"";"505416654 - Ikea Portugal Moveis e Decoração Lda";"FAC 3670212025/0003479 / JJPPV5HD-0003479";"Fatura";"2025-05-29";"39,99 €";"7,48 €";"32,51 €";"Pendente";"X";""
"";"505416654 - Ikea Portugal Moveis e Decoração Lda";"DEV 3670362025/0006548 / JJP3VF7R-0006548";"Nota de crédito";"2025-05-29";"39,99 €";"7,48 €";"32,51 €";"Pendente";"X";""
"Outros";"502604751 - Nos Comunicações S A";"FT 202516/2426485 / JJBTKZHZ-2426485";"Fatura";"2025-09-01";"39,91 €";"7,47 €";"32,44 €";"Registado";"X";""
"";"500829993 - Pingo Doce Distribuicao Alimentar Sa";"FS 08680062212212020/421341 / JFVN3FWD-421341";"Fatura simplificada";"2025-12-29";"49,89 €";"7,45 €";"42,44 €";"Pendente";"X";""
"";"500829993 - Pingo Doce Distribuicao Alimentar Sa";"FS 07070612507031439/012434 / JJ8D48RK-012434";"Fatura simplificada";"2025-12-31";"42,68 €";"7,20 €";"35,48 €";"Pendente";"X";""
"Outros";"502604751 - Nos Comunicações S A";"FT 202530/18784 / JJBFKTTD-18784";"Fatura";"2025-08-08";"37,69 €";"7,05 €";"30,64 €";"Registado";"X";""
"";"500829993 - Pingo Doce Distribuicao Alimentar Sa";"FS 08680902407240956/083092 / JJK83B4X-083092";"Fatura simplificada";"2025-10-05";"44,32 €";"6,99 €";"37,33 €";"Pendente";"X";""
"Outros";"502604751 - Nos Comunicações S A";"FT 202516/1832428 / JJBTKZHZ-1832428";"Fatura";"2025-07-01";"37,20 €";"6,94 €";"30,26 €";"Registado";"X";""
"";"500829993 - Pingo Doce Distribuicao Alimentar Sa";"FS 08680932311091414/101604 / JF87BNT6-101604";"Fatura simplificada";"2025-09-20";"42,27 €";"6,87 €";"35,40 €";"Pendente";"X";""
"";"500829993 - Pingo Doce Distribuicao Alimentar Sa";"FS 08680902407240956/087476 / JJK83B4X-087476";"Fatura simplificada";"2025-10-25";"42,65 €";"6,58 €";"36,07 €";"Pendente";"X";""
"Outros";"506848558 - Bcm Bricolage S A";"FS 20250026302/060269 / JJXVM2RM-060269";"Fatura simplificada";"2025-12-26";"35,05 €";"6,55 €";"28,50 €";"Registado";"X";""
"";"500829993 - Pingo Doce Distribuicao Alimentar Sa";"FS 08680042212212020/291426 / JFVD3FPF-291426";"Fatura simplificada";"2025-08-19";"40,60 €";"6,52 €";"34,08 €";"Pendente";"X";""
"";"500829993 - Pingo Doce Distribuicao Alimentar Sa";"FS 08680902407240956/092258 / JJK83B4X-092258";"Fatura simplificada";"2025-11-16";"47,17 €";"6,44 €";"40,73 €";"Pendente";"X";""
"";"500829993 - Pingo Doce Distribuicao Alimentar Sa";"FS 08680902407240956/093436 / JJK83B4X-093436";"Fatura simplificada";"2025-11-21";"33,98 €";"6,35 €";"27,63 €";"Pendente";"X";""
"";"500829993 - Pingo Doce Distribuicao Alimentar Sa";"FS 08680922407240849/059864 / JJK739TP-059864";"Fatura simplificada";"2025-08-10";"38,49 €";"5,75 €";"32,74 €";"Pendente";"X";""
"Outros";"517845687 - Alchemy Explorers - Combustiveis Lda";"FT 022010016088FAAA00000111612025/000005303 / JJB899ZS-000005303";"Fatura-recibo";"2025-06-18";"30,00 €";"5,61 €";"24,39 €";"Registado";"X";""
"";"500829993 - Pingo Doce Distribuicao Alimentar Sa";"FS 08680042212212020/297241 / JFVD3FPF-297241";"Fatura simplificada";"2025-09-08";"47,65 €";"5,49 €";"42,16 €";"Pendente";"X";""
"";"500829993 - Pingo Doce Distribuicao Alimentar Sa";"FS 08680032302212339/094584 / JFGG77HT-094584";"Fatura simplificada";"2025-12-06";"66,31 €";"5,37 €";"60,94 €";"Pendente";"X";""
"";"500829993 - Pingo Doce Distribuicao Alimentar Sa";"FS 08680042212212020/326908 / JFVD3FPF-326908";"Fatura simplificada";"2025-12-20";"53,18 €";"5,23 €";"47,95 €";"Pendente";"X";""
"";"500829993 - Pingo Doce Distribuicao Alimentar Sa";"FS 08680912407251530/069261 / JJKZWZ95-069261";"Fatura simplificada";"2025-08-23";"41,48 €";"5,21 €";"36,27 €";"Pendente";"X";""
"";"500829993 - Pingo Doce Distribuicao Alimentar Sa";"FS 08680912407251530/075590 / JJKZWZ95-075590";"Fatura simplificada";"2025-09-26";"28,52 €";"5,00 €";"23,52 €";"Pendente";"X";""
"";"500829993 - Pingo Doce Distribuicao Alimentar Sa";"FS 08680652212212020/252144 / JFVN3FY2-252144";"Fatura simplificada";"2025-08-17";"26,46 €";"4,95 €";"21,51 €";"Pendente";"X";""
"";"500829993 - Pingo Doce Distribuicao Alimentar Sa";"FS 08680932511121515/002825 / J6F4D683-002825";"Fatura simplificada";"2025-11-30";"31,23 €";"4,76 €";"26,47 €";"Pendente";"X";""
"";"500829993 - Pingo Doce Distribuicao Alimentar Sa";"FS 08680022212212020/261658 / JFV73FG5-261658";"Fatura simplificada";"2025-10-09";"34,29 €";"4,69 €";"29,60 €";"Pendente";"X";""
"";"500829993 - Pingo Doce Distribuicao Alimentar Sa";"FS 08680062212212020/341901 / JFVN3FWD-341901";"Fatura simplificada";"2025-06-10";"35,17 €";"4,68 €";"30,49 €";"Pendente";"X";""
"";"500829993 - Pingo Doce Distribuicao Alimentar Sa";"FS 08680022212212020/254523 / JFV73FG5-254523";"Fatura simplificada";"2025-09-01";"39,88 €";"4,65 €";"35,23 €";"Pendente";"X";""
"Outros";"507170490 - Lojas Primark Portugal - Exploração Gestão e Administração de Espaços Comerciais S A";"FS 422013003/15672 / JJRFGWMY-15672";"Fatura simplificada";"2025-07-06";"24,80 €";"4,64 €";"20,16 €";"Registado";"X";""
"";"500829993 - Pingo Doce Distribuicao Alimentar Sa";"FS 08680902407240956/094827 / JJK83B4X-094827";"Fatura simplificada";"2025-11-28";"25,07 €";"4,33 €";"20,74 €";"Pendente";"X";""
"";"500829993 - Pingo Doce Distribuicao Alimentar Sa";"FS 08680022212212020/261932 / JFV73FG5-261932";"Fatura simplificada";"2025-10-10";"27,11 €";"4,20 €";"22,91 €";"Pendente";"X";""
"";"500829993 - Pingo Doce Distribuicao Alimentar Sa";"FS 08680902407240956/087278 / JJK83B4X-087278";"Fatura simplificada";"2025-10-24";"40,42 €";"4,16 €";"36,26 €";"Pendente";"X";""
"Outros";"503246468 - Maxmat - Distribuição de Materiais de Construção, Unipessoal Lda";"FT AEA004/128729 / JF56GFKG-128729";"Fatura";"2025-08-09";"21,96 €";"4,11 €";"17,85 €";"Registado";"X";""
"";"500829993 - Pingo Doce Distribuicao Alimentar Sa";"FS 08680902407240956/064725 / JJK83B4X-064725";"Fatura simplificada";"2025-07-12";"30,89 €";"4,10 €";"26,79 €";"Pendente";"X";""
"";"500829993 - Pingo Doce Distribuicao Alimentar Sa";"FS 08680922407240849/067242 / JJK739TP-067242";"Fatura simplificada";"2025-09-24";"29,80 €";"3,92 €";"25,88 €";"Pendente";"X";""
"";"500829993 - Pingo Doce Distribuicao Alimentar Sa";"FS 08680042212212020/285120 / JFVD3FPF-285120";"Fatura simplificada";"2025-07-30";"28,75 €";"3,89 €";"24,86 €";"Pendente";"X";""
"";"500829993 - Pingo Doce Distribuicao Alimentar Sa";"FS 08680912407251530/081191 / JJKZWZ95-081191";"Fatura simplificada";"2025-10-26";"29,42 €";"3,80 €";"25,62 €";"Pendente";"X";""
"";"500829993 - Pingo Doce Distribuicao Alimentar Sa";"FS 08680902407240956/074899 / JJK83B4X-074899";"Fatura simplificada";"2025-08-29";"25,96 €";"3,77 €";"22,19 €";"Pendente";"X";""
"Outros";"515217468 - Campeão das Chaves Codificadas Unipessoal Lda";"FC 19A/45488 / JFZ65JPT-45488";"Fatura-recibo";"2025-12-16";"20,00 €";"3,74 €";"16,26 €";"Registado";"X";""
"";"516731564 - Petroseteais - Postos de Abastecimento e Lojas de Conveniencia Lda";"FS 263762001/331835 / JJVN9M2W-331835";"Fatura simplificada";"2025-10-30";"20,00 €";"3,74 €";"16,26 €";"Pendente";"X";""
"";"516731564 - Petroseteais - Postos de Abastecimento e Lojas de Conveniencia Lda";"FS 263762001/246962 / JJVN9M2W-246962";"Fatura simplificada";"2025-06-25";"20,00 €";"3,74 €";"16,26 €";"Pendente";"X";""
"";"516731564 - Petroseteais - Postos de Abastecimento e Lojas de Conveniencia Lda";"NC 263762001/003980 / JJV29M23-003980";"Nota de crédito";"2025-06-25";"20,00 €";"3,74 €";"16,26 €";"Pendente";"X";""
"";"516731564 - Petroseteais - Postos de Abastecimento e Lojas de Conveniencia Lda";"FS 263762001/246963 / JJVN9M2W-246963";"Fatura simplificada";"2025-06-25";"20,00 €";"3,74 €";"16,26 €";"Pendente";"X";""
"Manutenção e reparação de veículos automóveis";"505189119 - Número Um - Reparação de Automóveis S.A.";"FR9016 FR1625/920 / JJWSWPHK-920";"Fatura-recibo";"2025-06-16";"19,99 €";"3,74 €";"16,25 €";"Registado";"X";""
"Outros";"502604751 - Nos Comunicações S A";"FT 202516/1652236 / JJBTKZHZ-1652236";"Fatura";"2025-06-02";"19,85 €";"3,71 €";"16,14 €";"Registado";"X";""
"";"504904620 - Donalber - Restauração Rápida, Unipessoal, Lda";"FS 2025005832A/8325 / JJWBVW4Y-8325";"Fatura simplificada";"2025-07-04";"29,25 €";"3,48 €";"25,77 €";"Pendente";"X";""
"";"503630330 - Worten - Equipamentos Para o Lar S A";"FT CDT001/068140 / JF5X4YNR-068140";"Fatura";"2025-07-26";"19,98 €";"3,36 €";"16,62 €";"Pendente";"X";""
"";"500829993 - Pingo Doce Distribuicao Alimentar Sa";"FS 08680922407240849/063261 / JJK739TP-063261";"Fatura simplificada";"2025-08-31";"24,04 €";"3,23 €";"20,81 €";"Pendente";"X";""
"";"500829993 - Pingo Doce Distribuicao Alimentar Sa";"FS 08680922407240849/068968 / JJK739TP-068968";"Fatura simplificada";"2025-10-03";"20,34 €";"3,12 €";"17,22 €";"Pendente";"X";""
"Outros";"506848558 - Bcm Bricolage S A";"FS 20250020802/019574 / JJXSM2V3-019574";"Fatura simplificada";"2025-08-11";"15,95 €";"2,98 €";"12,97 €";"Registado";"X";""
"";"500829993 - Pingo Doce Distribuicao Alimentar Sa";"FS 08680922407240849/081152 / JJK739TP-081152";"Fatura simplificada";"2025-12-13";"17,56 €";"2,92 €";"14,64 €";"Pendente";"X";""
"";"500829993 - Pingo Doce Distribuicao Alimentar Sa";"FS 08680652212212020/229028 / JFVN3FY2-229028";"Fatura simplificada";"2025-05-28";"24,95 €";"2,90 €";"22,05 €";"Pendente";"X";""
"Saúde";"507753224 - Medeiros da Silva, Lda";"FR U005/67529 / JJWPZSWC-67529";"Fatura-recibo";"2025-12-20";"45,94 €";"2,88 €";"43,06 €";"Registado";"X";""
"";"500829993 - Pingo Doce Distribuicao Alimentar Sa";"FS 08680902407240956/086111 / JJK83B4X-086111";"Fatura simplificada";"2025-10-19";"23,48 €";"2,88 €";"20,60 €";"Pendente";"X";""
"Outros";"502604751 - Nos Comunicações S A";"FS A2025C1/000165235 / JJ4P54ZF-000165235";"Fatura simplificada";"2025-06-29";"15,00 €";"2,80 €";"12,20 €";"Registado";"X";""
"";"503630330 - Worten - Equipamentos Para o Lar S A";"FS 4TL001/051628 / JFNMNJKT-051628";"Fatura simplificada";"2025-08-12";"13,99 €";"2,62 €";"11,37 €";"Pendente";"X";""
"Outros";"503027367 - Volat Representacoes Lda";"FR 2025A234/6062 / JJ438X9R-6062";"Fatura-recibo";"2025-07-27";"13,98 €";"2,61 €";"11,37 €";"Registado";"X";""
"";"500829993 - Pingo Doce Distribuicao Alimentar Sa";"FS 08680912407251530/090369 / JJKZWZ95-090369";"Fatura simplificada";"2025-12-12";"14,27 €";"2,55 €";"11,72 €";"Pendente";"X";""
"";"500829993 - Pingo Doce Distribuicao Alimentar Sa";"FS 08680932311091414/090789 / JF87BNT6-090789";"Fatura simplificada";"2025-07-19";"14,25 €";"2,54 €";"11,71 €";"Pendente";"X";""
"";"500829993 - Pingo Doce Distribuicao Alimentar Sa";"FS 08680042212212020/323541 / JFVD3FPF-323541";"Fatura simplificada";"2025-12-08";"14,36 €";"2,47 €";"11,89 €";"Pendente";"X";""
"";"500829993 - Pingo Doce Distribuicao Alimentar Sa";"FS 08680902407240956/067770 / JJK83B4X-067770";"Fatura simplificada";"2025-07-27";"18,41 €";"2,38 €";"16,03 €";"Pendente";"X";""
"";"500829993 - Pingo Doce Distribuicao Alimentar Sa";"FS 08680932311091414/088160 / JF87BNT6-088160";"Fatura simplificada";"2025-07-04";"27,80 €";"2,38 €";"25,42 €";"Pendente";"X";""
"";"504904620 - Donalber - Restauração Rápida, Unipessoal, Lda";"FS 2025005801A/66118 / JJWBVWMS-66118";"Fatura simplificada";"2025-07-13";"14,10 €";"2,31 €";"11,79 €";"Pendente";"X";""
"";"500829993 - Pingo Doce Distribuicao Alimentar Sa";"FS 08680932311091414/107946 / JF87BNT6-107946";"Fatura simplificada";"2025-10-28";"22,07 €";"2,29 €";"19,78 €";"Pendente";"X";""
"";"500498601 - Cp - Comboios de Portugal, Epe";"FS FS.1732/362248 / JFVYCN5M-362248";"Fatura simplificada";"2025-12-31";"40,00 €";"2,26 €";"37,74 €";"Pendente";"X";""
"";"500498601 - Cp - Comboios de Portugal, Epe";"FS FS.5621/18579 / JJMGF344-18579";"Fatura simplificada";"2025-11-30";"40,00 €";"2,26 €";"37,74 €";"Pendente";"X";""
"";"500498601 - Cp - Comboios de Portugal, Epe";"FS FS.5620/28978 / JJMMF39D-28978";"Fatura simplificada";"2025-11-02";"40,00 €";"2,26 €";"37,74 €";"Pendente";"X";""
"";"500498601 - Cp - Comboios de Portugal, Epe";"FS FS.5620/26228 / JJMMF39D-26228";"Fatura simplificada";"2025-09-29";"40,00 €";"2,26 €";"37,74 €";"Pendente";"X";""
"";"500498601 - Cp - Comboios de Portugal, Epe";"FS FS.5622/18915 / JJMKF3GV-18915";"Fatura simplificada";"2025-09-01";"40,00 €";"2,26 €";"37,74 €";"Pendente";"X";""
"";"500498601 - Cp - Comboios de Portugal, Epe";"FS FS.5503/21008 / JJKX67V8-21008";"Fatura simplificada";"2025-08-01";"40,00 €";"2,26 €";"37,74 €";"Pendente";"X";""
"";"504904620 - Donalber - Restauração Rápida, Unipessoal, Lda";"FS 2025005801A/98557 / JJWBVWMS-98557";"Fatura simplificada";"2025-10-16";"17,50 €";"2,24 €";"15,26 €";"Pendente";"X";""
"Outros";"500201307 - Nestlé Portugal, Unipessoal, Lda";"FT 901/38990281 / JF3MH634-38990281";"Fatura";"2025-09-20";"11,30 €";"2,11 €";"9,19 €";"Registado";"X";""
"";"500829993 - Pingo Doce Distribuicao Alimentar Sa";"FS 08680932311091414/083548 / JF87BNT6-083548";"Fatura simplificada";"2025-06-07";"15,71 €";"2,09 €";"13,62 €";"Pendente";"X";""
"";"500829993 - Pingo Doce Distribuicao Alimentar Sa";"FS 08680912407251530/081079 / JJKZWZ95-081079";"Fatura simplificada";"2025-10-25";"26,30 €";"2,07 €";"24,23 €";"Pendente";"X";""
"";"500829993 - Pingo Doce Distribuicao Alimentar Sa";"FS 08680062212212020/347105 / JFVN3FWD-347105";"Fatura simplificada";"2025-06-24";"16,90 €";"2,00 €";"14,90 €";"Pendente";"X";""
"";"500829993 - Pingo Doce Distribuicao Alimentar Sa";"FS 08680912407251530/078580 / JJKZWZ95-078580";"Fatura simplificada";"2025-10-12";"17,90 €";"1,95 €";"15,95 €";"Pendente";"X";""
"Outros";"500201307 - Nestlé Portugal, Unipessoal, Lda";"FT 901/38626371 / JF3MH634-38626371";"Fatura";"2025-07-23";"10,30 €";"1,93 €";"8,37 €";"Registado";"X";""
"";"504904620 - Donalber - Restauração Rápida, Unipessoal, Lda";"FS 2025005801A/111322 / JJWBVWMS-111322";"Fatura simplificada";"2025-11-20";"16,30 €";"1,91 €";"14,39 €";"Pendente";"X";""
"";"500829993 - Pingo Doce Distribuicao Alimentar Sa";"FS 08680902407240956/091513 / JJK83B4X-091513";"Fatura simplificada";"2025-11-12";"14,11 €";"1,91 €";"12,20 €";"Pendente";"X";""
"";"500829993 - Pingo Doce Distribuicao Alimentar Sa";"FS 08680912407251530/061654 / JJKZWZ95-061654";"Fatura simplificada";"2025-07-13";"10,19 €";"1,91 €";"8,28 €";"Pendente";"X";""
"Outros";"507170490 - Lojas Primark Portugal - Exploração Gestão e Administração de Espaços Comerciais S A";"FS 422009003/63912 / JJRVGWP9-63912";"Fatura simplificada";"2025-10-26";"10,00 €";"1,87 €";"8,13 €";"Registado";"X";""
"Alojamento, restauração e similares";"141156643 - Mario Jorge Lopes da Silva Lobo Alves";"16 2500/002689 / JJ9N3VKC-002689";"Fatura simplificada";"2025-07-22";"10,00 €";"1,87 €";"8,13 €";"Registado";"X";""
"";"504904620 - Donalber - Restauração Rápida, Unipessoal, Lda";"FS 2025005801A/51616 / JJWBVWMS-51616";"Fatura simplificada";"2025-06-01";"11,40 €";"1,86 €";"9,54 €";"Pendente";"X";""
"";"500829993 - Pingo Doce Distribuicao Alimentar Sa";"FS 08680022212212020/267246 / JFV73FG5-267246";"Fatura simplificada";"2025-10-31";"9,67 €";"1,81 €";"7,86 €";"Pendente";"X";""
"";"504904620 - Donalber - Restauração Rápida, Unipessoal, Lda";"FS 2025005801A/79473 / JJWBVWMS-79473";"Fatura simplificada";"2025-08-24";"9,50 €";"1,78 €";"7,72 €";"Pendente";"X";""
"";"500829993 - Pingo Doce Distribuicao Alimentar Sa";"FS 07070022309210854/123026 / JFD4GM4B-123026";"Fatura simplificada";"2025-12-17";"16,14 €";"1,73 €";"14,41 €";"Pendente";"X";""
"";"514264403 - David Alexandre - Barista Unipessoal Lda";"FT 2A2501/67571 / JJS2M9N8-67571";"Fatura-recibo";"2025-11-29";"14,85 €";"1,71 €";"13,14 €";"Pendente";"X";""
"";"500829993 - Pingo Doce Distribuicao Alimentar Sa";"FS 08680902407240956/098071 / JJK83B4X-098071";"Fatura simplificada";"2025-12-14";"13,04 €";"1,70 €";"11,34 €";"Pendente";"X";""
"";"500829993 - Pingo Doce Distribuicao Alimentar Sa";"FS 08680932511121515/000357 / J6F4D683-000357";"Fatura simplificada";"2025-11-15";"12,46 €";"1,65 €";"10,81 €";"Pendente";"X";""
"";"501526870 - Livraria Bertrand - Sociedade de Comercio Livreiro S A";"01 1M04012025/15016 / JJ9KDJV6-15016";"Fatura simplificada";"2025-07-06";"29,20 €";"1,65 €";"27,55 €";"Pendente";"X";""
"";"500829993 - Pingo Doce Distribuicao Alimentar Sa";"FS 08680932311091414/082952 / JF87BNT6-082952";"Fatura simplificada";"2025-06-02";"15,37 €";"1,64 €";"13,73 €";"Pendente";"X";""
"";"504904620 - Donalber - Restauração Rápida, Unipessoal, Lda";"FS 2025005801A/78694 / JJWBVWMS-78694";"Fatura simplificada";"2025-08-21";"13,40 €";"1,63 €";"11,77 €";"Pendente";"X";""
"";"500829993 - Pingo Doce Distribuicao Alimentar Sa";"FS 08680912407251530/051991 / JJKZWZ95-051991";"Fatura simplificada";"2025-05-26";"10,84 €";"1,56 €";"9,28 €";"Pendente";"X";""
"";"500829993 - Pingo Doce Distribuicao Alimentar Sa";"FS 08680902407240956/090742 / JJK83B4X-090742";"Fatura simplificada";"2025-11-09";"10,26 €";"1,54 €";"8,72 €";"Pendente";"X";""
"";"500829993 - Pingo Doce Distribuicao Alimentar Sa";"FS 08680552212212020/311783 / JFVP3FR9-311783";"Fatura simplificada";"2025-08-16";"13,18 €";"1,52 €";"11,66 €";"Pendente";"X";""
"Saúde";"514328916 - Farmacias Tm, Lda";"FR U100/76516 / JJVDWFR8-76516";"Fatura-recibo";"2025-09-05";"26,27 €";"1,49 €";"24,78 €";"Registado";"X";""
"";"504904620 - Donalber - Restauração Rápida, Unipessoal, Lda";"FS 2025005801A/104889 / JJWBVWMS-104889";"Fatura simplificada";"2025-11-02";"10,40 €";"1,47 €";"8,93 €";"Pendente";"X";""
"";"500829993 - Pingo Doce Distribuicao Alimentar Sa";"FS 08680922407240849/050163 / JJK739TP-050163";"Fatura simplificada";"2025-06-15";"8,48 €";"1,39 €";"7,09 €";"Pendente";"X";""
"";"500829993 - Pingo Doce Distribuicao Alimentar Sa";"FS 08680902407240956/055605 / JJK83B4X-055605";"Fatura simplificada";"2025-05-31";"9,96 €";"1,39 €";"8,57 €";"Pendente";"X";""
"";"500829993 - Pingo Doce Distribuicao Alimentar Sa";"FS 08680552212212020/332392 / JFVP3FR9-332392";"Fatura simplificada";"2025-10-25";"11,94 €";"1,37 €";"10,57 €";"Pendente";"X";""
"";"500829993 - Pingo Doce Distribuicao Alimentar Sa";"FS 08680552212212020/303194 / JFVP3FR9-303194";"Fatura simplificada";"2025-07-19";"11,32 €";"1,30 €";"10,02 €";"Pendente";"X";""
"";"513688030 - Oriente21 - Sociedade Unipessoal Lda";"FS 2025016832A/27325 / JJW8XNFD-27325";"Fatura simplificada";"2025-12-09";"10,30 €";"1,28 €";"9,02 €";"Pendente";"X";""
"";"500829993 - Pingo Doce Distribuicao Alimentar Sa";"FS 08680022212212020/263639 / JFV73FG5-263639";"Fatura simplificada";"2025-10-16";"14,41 €";"1,27 €";"13,14 €";"Pendente";"X";""
"";"500829993 - Pingo Doce Distribuicao Alimentar Sa";"FS 08680552212212020/298680 / JFVP3FR9-298680";"Fatura simplificada";"2025-07-05";"10,97 €";"1,26 €";"9,71 €";"Pendente";"X";""
"";"500829993 - Pingo Doce Distribuicao Alimentar Sa";"FS 08680922407240849/051293 / JJK739TP-051293";"Fatura simplificada";"2025-06-22";"12,36 €";"1,26 €";"11,10 €";"Pendente";"X";""
"Outros";"503340855 - Lidl & Companhia";"FS 015308525/017306 / JJYCF22H-017306";"Fatura simplificada";"2025-06-18";"9,52 €";"1,25 €";"8,27 €";"Registado";"X";""
"";"500829993 - Pingo Doce Distribuicao Alimentar Sa";"FS 08680902407240956/096463 / JJK83B4X-096463";"Fatura simplificada";"2025-12-05";"10,66 €";"1,23 €";"9,43 €";"Pendente";"X";""
"";"500569410 - Versailles Lda";"FS 030/2253516 / JF2RMMNS-2253516";"Fatura simplificada";"2025-07-23";"9,45 €";"1,22 €";"8,23 €";"Pendente";"X";""
"";"500829993 - Pingo Doce Distribuicao Alimentar Sa";"FS 08680552212212020/326200 / JFVP3FR9-326200";"Fatura simplificada";"2025-10-04";"10,51 €";"1,21 €";"9,30 €";"Pendente";"X";""
"";"500829993 - Pingo Doce Distribuicao Alimentar Sa";"FS 08680932311091414/084048 / JF87BNT6-084048";"Fatura simplificada";"2025-06-10";"6,27 €";"1,17 €";"5,10 €";"Pendente";"X";""
"";"504904620 - Donalber - Restauração Rápida, Unipessoal, Lda";"FS 2025005801A/53306 / JJWBVWMS-53306";"Fatura simplificada";"2025-06-06";"6,10 €";"1,14 €";"4,96 €";"Pendente";"X";""
"";"500829993 - Pingo Doce Distribuicao Alimentar Sa";"FS 08680912407251530/085051 / JJKZWZ95-085051";"Fatura simplificada";"2025-11-14";"8,97 €";"1,13 €";"7,84 €";"Pendente";"X";""
"Saúde";"514328916 - Farmacias Tm, Lda";"FR U100/77992 / JJVDWFR8-77992";"Fatura-recibo";"2025-09-15";"19,92 €";"1,13 €";"18,79 €";"Registado";"X";""
"";"500569410 - Versailles Lda";"FS 030/2252073 / JF2RMMNS-2252073";"Fatura simplificada";"2025-07-21";"8,65 €";"1,13 €";"7,52 €";"Pendente";"X";""
"Outros";"515217468 - Campeão das Chaves Codificadas Unipessoal Lda";"FC 19A/45484 / JFZ65JPT-45484";"Fatura-recibo";"2025-12-16";"6,00 €";"1,12 €";"4,88 €";"Registado";"X";""
"Outros";"507170490 - Lojas Primark Portugal - Exploração Gestão e Administração de Espaços Comerciais S A";"FS 422010003/54810 / JJRTGWZY-54810";"Fatura simplificada";"2025-11-01";"6,00 €";"1,12 €";"4,88 €";"Registado";"X";""
"Outros";"506058158 - Graphiti Lights Apoio a Projectos de Construção Civil Unipessoal Lda";"FACB-S 2/80869 / JFHDTV3H-80869";"Fatura simplificada";"2025-06-16";"5,95 €";"1,11 €";"4,84 €";"Registado";"X";""
"";"504271164 - Alveburguer - Refeições Rápidas, Unipessoal, Lda.";"FS 2025009126A/7500 / JJWWKJK6-7500";"Fatura simplificada";"2025-06-06";"9,60 €";"1,10 €";"8,50 €";"Pendente";"X";""
"";"514264403 - David Alexandre - Barista Unipessoal Lda";"FT 2A2501/73114 / JJS2M9N8-73114";"Fatura-recibo";"2025-12-26";"9,45 €";"1,09 €";"8,36 €";"Pendente";"X";""
"";"514264403 - David Alexandre - Barista Unipessoal Lda";"FT 2A2501/61613 / JJS2M9N8-61613";"Fatura-recibo";"2025-11-01";"9,45 €";"1,09 €";"8,36 €";"Pendente";"X";""
"";"500829993 - Pingo Doce Distribuicao Alimentar Sa";"FS 08680902407240956/058242 / JJK83B4X-058242";"Fatura simplificada";"2025-06-13";"10,88 €";"1,08 €";"9,80 €";"Pendente";"X";""
"";"500829993 - Pingo Doce Distribuicao Alimentar Sa";"FS 08680552212212020/322139 / JFVP3FR9-322139";"Fatura simplificada";"2025-09-20";"9,30 €";"1,07 €";"8,23 €";"Pendente";"X";""
"";"500829993 - Pingo Doce Distribuicao Alimentar Sa";"FS 08680922407240849/077007 / JJK739TP-077007";"Fatura simplificada";"2025-11-18";"7,72 €";"1,05 €";"6,67 €";"Pendente";"X";""
"";"504904620 - Donalber - Restauração Rápida, Unipessoal, Lda";"FS 2025005801A/64622 / JJWBVWMS-64622";"Fatura simplificada";"2025-07-09";"7,90 €";"1,05 €";"6,85 €";"Pendente";"X";""
"";"500569410 - Versailles Lda";"FS 030/2249350 / JF2RMMNS-2249350";"Fatura simplificada";"2025-07-16";"9,05 €";"1,04 €";"8,01 €";"Pendente";"X";""
"Alojamento, restauração e similares";"504903187 - Polar Internacional - Exploração de Restaurantes Sa";"FS 118/1491186 / JFNM8G2W-1491186";"Fatura simplificada";"2025-07-28";"7,60 €";"1,03 €";"6,57 €";"Registado";"X";""
"";"500829993 - Pingo Doce Distribuicao Alimentar Sa";"FS 08680552212212020/289805 / JFVP3FR9-289805";"Fatura simplificada";"2025-06-07";"8,83 €";"1,02 €";"7,81 €";"Pendente";"X";""
"";"500569410 - Versailles Lda";"FS 030/2254717 / JF2RMMNS-2254717";"Fatura simplificada";"2025-07-25";"7,55 €";"1,00 €";"6,55 €";"Pendente";"X";""
"";"500829993 - Pingo Doce Distribuicao Alimentar Sa";"FS 08680902407240956/100165 / JJK83B4X-100165";"Fatura simplificada";"2025-12-23";"11,06 €";"0,99 €";"10,07 €";"Pendente";"X";""
"";"500829993 - Pingo Doce Distribuicao Alimentar Sa";"FS 08680932311091414/089888 / JF87BNT6-089888";"Fatura simplificada";"2025-07-13";"7,26 €";"0,98 €";"6,28 €";"Pendente";"X";""
"";"501526870 - Livraria Bertrand - Sociedade de Comercio Livreiro S A";"01 1M03012025/12573 / JJ97DJZ8-12573";"Fatura simplificada";"2025-07-11";"17,00 €";"0,96 €";"16,04 €";"Pendente";"X";""
"";"500829993 - Pingo Doce Distribuicao Alimentar Sa";"FS 08680552212212020/352145 / JFVP3FR9-352145";"Fatura simplificada";"2025-12-29";"8,14 €";"0,94 €";"7,20 €";"Pendente";"X";""
"";"514264403 - David Alexandre - Barista Unipessoal Lda";"FT 2A2501/45384 / JJS2M9N8-45384";"Fatura-recibo";"2025-08-15";"8,10 €";"0,93 €";"7,17 €";"Documento Anulado pelo Emitente";"X";""
"";"514264403 - David Alexandre - Barista Unipessoal Lda";"FT 2A2501/45385 / JJS2M9N8-45385";"Fatura-recibo";"2025-08-15";"8,10 €";"0,93 €";"7,17 €";"Pendente";"X";""
"";"505416654 - Ikea Portugal Moveis e Decoração Lda";"FAC 3670102025/0000398 / JJPMVH8W-0000398";"Fatura";"2025-05-26";"5,00 €";"0,93 €";"4,07 €";"Pendente";"X";""
"";"500569410 - Versailles Lda";"FS 030/2254118 / JF2RMMNS-2254118";"Fatura simplificada";"2025-07-24";"7,95 €";"0,91 €";"7,04 €";"Pendente";"X";""
"";"501526870 - Livraria Bertrand - Sociedade de Comercio Livreiro S A";"01 1M04012025/15094 / JJ9KDJV6-15094";"Fatura simplificada";"2025-07-07";"15,50 €";"0,88 €";"14,62 €";"Pendente";"X";""
"";"500829993 - Pingo Doce Distribuicao Alimentar Sa";"FS 08680902407240956/084104 / JJK83B4X-084104";"Fatura simplificada";"2025-10-09";"7,08 €";"0,87 €";"6,21 €";"Pendente";"X";""
"";"500829993 - Pingo Doce Distribuicao Alimentar Sa";"FS 08680552212212020/334314 / JFVP3FR9-334314";"Fatura simplificada";"2025-10-31";"5,55 €";"0,86 €";"4,69 €";"Pendente";"X";""
"";"500829993 - Pingo Doce Distribuicao Alimentar Sa";"FS 08680902407240956/062016 / JJK83B4X-062016";"Fatura simplificada";"2025-06-30";"4,43 €";"0,83 €";"3,60 €";"Pendente";"X";""
"";"500829993 - Pingo Doce Distribuicao Alimentar Sa";"NC 08680552212212020/002176 / JFVV3FRG-002176";"Nota de crédito";"2025-06-28";"7,13 €";"0,82 €";"6,31 €";"Pendente";"X";""
"";"500829993 - Pingo Doce Distribuicao Alimentar Sa";"FS 08680552212212020/296397 / JFVP3FR9-296397";"Fatura simplificada";"2025-06-28";"7,13 €";"0,82 €";"6,31 €";"Pendente";"X";""
"";"500829993 - Pingo Doce Distribuicao Alimentar Sa";"FS 08680552212212020/313455 / JFVP3FR9-313455";"Fatura simplificada";"2025-08-22";"7,04 €";"0,81 €";"6,23 €";"Pendente";"X";""
"";"500829993 - Pingo Doce Distribuicao Alimentar Sa";"FS 08680552212212020/290757 / JFVP3FR9-290757";"Fatura simplificada";"2025-06-10";"7,00 €";"0,81 €";"6,19 €";"Pendente";"X";""
"Alojamento, restauração e similares";"516843745 - Mlricci, Lda";"FT 01P2025/19068 / JJ975K56-19068";"Fatura";"2025-11-28";"6,70 €";"0,77 €";"5,93 €";"Registado";"X";""
"";"500829993 - Pingo Doce Distribuicao Alimentar Sa";"FS 08680912407251530/082005 / JJKZWZ95-082005";"Fatura simplificada";"2025-10-31";"4,63 €";"0,77 €";"3,86 €";"Pendente";"X";""
"";"500569410 - Versailles Lda";"FS 030/2249085 / JF2RMMNS-2249085";"Fatura simplificada";"2025-07-16";"5,40 €";"0,75 €";"4,65 €";"Pendente";"X";""
"Outros";"506058158 - Graphiti Lights Apoio a Projectos de Construção Civil Unipessoal Lda";"FACB-S 2/84041 / JFHDTV3H-84041";"Fatura simplificada";"2025-07-24";"3,85 €";"0,72 €";"3,13 €";"Registado";"X";""
"";"501323325 - Uniself Sociedade de Restaurantes Publicos e Privados Sa";"FS 521/298179 / JFKW477Y-298179";"Fatura simplificada";"2025-07-28";"6,20 €";"0,71 €";"5,49 €";"Pendente";"X";""
"";"500829993 - Pingo Doce Distribuicao Alimentar Sa";"FS 08680042212212020/314190 / JFVD3FPF-314190";"Fatura simplificada";"2025-11-06";"5,72 €";"0,69 €";"5,03 €";"Pendente";"X";""
"";"500829993 - Pingo Doce Distribuicao Alimentar Sa";"FS 08680552212212020/338625 / JFVP3FR9-338625";"Fatura simplificada";"2025-11-15";"5,86 €";"0,67 €";"5,19 €";"Pendente";"X";""
"";"500829993 - Pingo Doce Distribuicao Alimentar Sa";"FS 08680552212212020/330618 / JFVP3FR9-330618";"Fatura simplificada";"2025-10-19";"5,86 €";"0,67 €";"5,19 €";"Pendente";"X";""
"";"514038942 - Irmãdona Supermercados, Unipessoal, Lda.";"FS 70540192025001/126603 / JJ9W6427-126603";"Fatura simplificada";"2025-11-19";"5,50 €";"0,66 €";"4,84 €";"Pendente";"X";""
"";"500829993 - Pingo Doce Distribuicao Alimentar Sa";"FS 08680552212212020/296828 / JFVP3FR9-296828";"Fatura simplificada";"2025-06-29";"5,78 €";"0,66 €";"5,12 €";"Pendente";"X";""
"";"500829993 - Pingo Doce Distribuicao Alimentar Sa";"FS 08680552212212020/288206 / JFVP3FR9-288206";"Fatura simplificada";"2025-06-02";"5,76 €";"0,66 €";"5,10 €";"Pendente";"X";""
"";"500829993 - Pingo Doce Distribuicao Alimentar Sa";"FS 08680912407251530/060866 / JJKZWZ95-060866";"Fatura simplificada";"2025-07-09";"4,59 €";"0,65 €";"3,94 €";"Pendente";"X";""
"";"500829993 - Pingo Doce Distribuicao Alimentar Sa";"FS 08680552212212020/293904 / JFVP3FR9-293904";"Fatura simplificada";"2025-06-20";"5,52 €";"0,64 €";"4,88 €";"Pendente";"X";""
"";"500829993 - Pingo Doce Distribuicao Alimentar Sa";"FS 08680552212212020/327696 / JFVP3FR9-327696";"Fatura simplificada";"2025-10-09";"5,26 €";"0,61 €";"4,65 €";"Pendente";"X";""
"";"500829993 - Pingo Doce Distribuicao Alimentar Sa";"FS 08680552212212020/300289 / JFVP3FR9-300289";"Fatura simplificada";"2025-07-10";"5,26 €";"0,61 €";"4,65 €";"Pendente";"X";""
"";"501526870 - Livraria Bertrand - Sociedade de Comercio Livreiro S A";"01 1M04012025/15095 / JJ9KDJV6-15095";"Fatura simplificada";"2025-07-07";"10,45 €";"0,59 €";"9,86 €";"Pendente";"X";""
"";"500829993 - Pingo Doce Distribuicao Alimentar Sa";"FS 07070552311271903/120307 / JFC6J84W-120307";"Fatura simplificada";"2025-12-26";"4,96 €";"0,57 €";"4,39 €";"Pendente";"X";""
"";"500829993 - Pingo Doce Distribuicao Alimentar Sa";"FS 08680552212212020/347159 / JFVP3FR9-347159";"Fatura simplificada";"2025-12-13";"4,96 €";"0,57 €";"4,39 €";"Pendente";"X";""
"";"500829993 - Pingo Doce Distribuicao Alimentar Sa";"FS 08680552212212020/288568 / JFVP3FR9-288568";"Fatura simplificada";"2025-06-03";"4,97 €";"0,57 €";"4,40 €";"Pendente";"X";""
"Outros";"506058158 - Graphiti Lights Apoio a Projectos de Construção Civil Unipessoal Lda";"FACB-S 2/94096 / JFHDTV3H-94096";"Fatura simplificada";"2025-12-29";"3,00 €";"0,56 €";"2,44 €";"Registado";"X";""
"";"500829993 - Pingo Doce Distribuicao Alimentar Sa";"FS 08680912407251530/080904 / JJKZWZ95-080904";"Fatura simplificada";"2025-10-24";"2,98 €";"0,56 €";"2,42 €";"Pendente";"X";""
"";"513411950 - Amor Aos Pedaços Lda";"FT 11A2501/12844 / JJ8YJFNM-12844";"Fatura-recibo";"2025-09-20";"4,80 €";"0,55 €";"4,25 €";"Pendente";"X";""
"";"500829993 - Pingo Doce Distribuicao Alimentar Sa";"FS 08680552212212020/310879 / JFVP3FR9-310879";"Fatura simplificada";"2025-08-13";"4,66 €";"0,54 €";"4,12 €";"Pendente";"X";""
"";"500829993 - Pingo Doce Distribuicao Alimentar Sa";"FS 08680912407251530/090141 / JJKZWZ95-090141";"Fatura simplificada";"2025-12-11";"3,89 €";"0,53 €";"3,36 €";"Pendente";"X";""
"";"500829993 - Pingo Doce Distribuicao Alimentar Sa";"FS 08680552212212020/290415 / JFVP3FR9-290415";"Fatura simplificada";"2025-06-09";"4,57 €";"0,53 €";"4,04 €";"Pendente";"X";""
"";"500829993 - Pingo Doce Distribuicao Alimentar Sa";"FS 08680902407240956/087477 / JJK83B4X-087477";"Fatura simplificada";"2025-10-25";"2,79 €";"0,52 €";"2,27 €";"Pendente";"X";""
"";"500829993 - Pingo Doce Distribuicao Alimentar Sa";"FS 08680552212212020/309366 / JFVP3FR9-309366";"Fatura simplificada";"2025-08-08";"4,56 €";"0,52 €";"4,04 €";"Pendente";"X";""
"";"500829993 - Pingo Doce Distribuicao Alimentar Sa";"FS 08680042212212020/302992 / JFVD3FPF-302992";"Fatura simplificada";"2025-09-27";"4,46 €";"0,51 €";"3,95 €";"Pendente";"X";""
"";"500829993 - Pingo Doce Distribuicao Alimentar Sa";"FS 08680552212212020/312752 / JFVP3FR9-312752";"Fatura simplificada";"2025-08-19";"4,47 €";"0,51 €";"3,96 €";"Pendente";"X";""
"";"500829993 - Pingo Doce Distribuicao Alimentar Sa";"FS 08680552212212020/291722 / JFVP3FR9-291722";"Fatura simplificada";"2025-06-13";"4,47 €";"0,51 €";"3,96 €";"Pendente";"X";""
"";"500829993 - Pingo Doce Distribuicao Alimentar Sa";"FS 08680552212212020/319747 / JFVP3FR9-319747";"Fatura simplificada";"2025-09-12";"4,32 €";"0,50 €";"3,82 €";"Pendente";"X";""
"";"500829993 - Pingo Doce Distribuicao Alimentar Sa";"FS 08680552212212020/285426 / JFVP3FR9-285426";"Fatura simplificada";"2025-05-24";"4,36 €";"0,50 €";"3,86 €";"Pendente";"X";""
"";"500829993 - Pingo Doce Distribuicao Alimentar Sa";"FS 08680552212212020/307220 / JFVP3FR9-307220";"Fatura simplificada";"2025-08-01";"4,27 €";"0,49 €";"3,78 €";"Pendente";"X";""
"";"500829993 - Pingo Doce Distribuicao Alimentar Sa";"FS 08680552212212020/297366 / JFVP3FR9-297366";"Fatura simplificada";"2025-07-01";"4,27 €";"0,49 €";"3,78 €";"Pendente";"X";""
"";"500829993 - Pingo Doce Distribuicao Alimentar Sa";"FS 08680552212212020/346238 / JFVP3FR9-346238";"Fatura simplificada";"2025-12-10";"4,17 €";"0,48 €";"3,69 €";"Pendente";"X";""
"";"500829993 - Pingo Doce Distribuicao Alimentar Sa";"FS 08680902407240956/084737 / JJK83B4X-084737";"Fatura simplificada";"2025-10-12";"8,49 €";"0,48 €";"8,01 €";"Pendente";"X";""
"";"500829993 - Pingo Doce Distribuicao Alimentar Sa";"FS 08680552212212020/297045 / JFVP3FR9-297045";"Fatura simplificada";"2025-06-30";"4,17 €";"0,48 €";"3,69 €";"Pendente";"X";""
"";"500829993 - Pingo Doce Distribuicao Alimentar Sa";"FS 08680552212212020/352023 / JFVP3FR9-352023";"Fatura simplificada";"2025-12-29";"4,07 €";"0,47 €";"3,60 €";"Pendente";"X";""
"";"500829993 - Pingo Doce Distribuicao Alimentar Sa";"FS 08680552212212020/308479 / JFVP3FR9-308479";"Fatura simplificada";"2025-08-05";"3,96 €";"0,46 €";"3,50 €";"Pendente";"X";""
"Outros";"506848558 - Bcm Bricolage S A";"FS 20250025902/021243 / JJXFM2R5-021243";"Fatura simplificada";"2025-06-05";"2,48 €";"0,46 €";"2,02 €";"Registado";"X";""
"Alojamento, restauração e similares";"501627499 - Empreendimentos Hoteleiros da Quinta do Ferro Lda";"F 25014/17223 / JJ367272-17223";"Fatura-recibo";"2025-10-16";"3,90 €";"0,45 €";"3,45 €";"Registado";"X";""
"";"500829993 - Pingo Doce Distribuicao Alimentar Sa";"FS 08680552212212020/331537 / JFVP3FR9-331537";"Fatura simplificada";"2025-10-22";"3,86 €";"0,44 €";"3,42 €";"Pendente";"X";""
"";"500829993 - Pingo Doce Distribuicao Alimentar Sa";"FS 08680552212212020/291037 / JFVP3FR9-291037";"Fatura simplificada";"2025-06-11";"3,68 €";"0,42 €";"3,26 €";"Pendente";"X";""
"";"500829993 - Pingo Doce Distribuicao Alimentar Sa";"FS 08680552212212020/352335 / JFVP3FR9-352335";"Fatura simplificada";"2025-12-30";"3,57 €";"0,41 €";"3,16 €";"Pendente";"X";""
"";"500829993 - Pingo Doce Distribuicao Alimentar Sa";"FS 08680552212212020/348489 / JFVP3FR9-348489";"Fatura simplificada";"2025-12-17";"3,57 €";"0,41 €";"3,16 €";"Pendente";"X";""
"";"500829993 - Pingo Doce Distribuicao Alimentar Sa";"FS 08680552212212020/331356 / JFVP3FR9-331356";"Fatura simplificada";"2025-10-21";"3,56 €";"0,41 €";"3,15 €";"Pendente";"X";""
"";"500829993 - Pingo Doce Distribuicao Alimentar Sa";"FS 08680552212212020/314252 / JFVP3FR9-314252";"Fatura simplificada";"2025-08-25";"3,57 €";"0,41 €";"3,16 €";"Pendente";"X";""
"";"500829993 - Pingo Doce Distribuicao Alimentar Sa";"FS 08680552212212020/298333 / JFVP3FR9-298333";"Fatura simplificada";"2025-07-04";"3,58 €";"0,41 €";"3,17 €";"Pendente";"X";""
"";"500829993 - Pingo Doce Distribuicao Alimentar Sa";"FS 08680552212212020/331953 / JFVP3FR9-331953";"Fatura simplificada";"2025-10-23";"3,46 €";"0,40 €";"3,06 €";"Pendente";"X";""
"";"500829993 - Pingo Doce Distribuicao Alimentar Sa";"FS 08680552212212020/343237 / JFVP3FR9-343237";"Fatura simplificada";"2025-11-30";"3,36 €";"0,39 €";"2,97 €";"Pendente";"X";""
"";"500829993 - Pingo Doce Distribuicao Alimentar Sa";"FS 08680552212212020/330024 / JFVP3FR9-330024";"Fatura simplificada";"2025-10-17";"3,37 €";"0,39 €";"2,98 €";"Pendente";"X";""
"";"500829993 - Pingo Doce Distribuicao Alimentar Sa";"FS 08680552212212020/327884 / JFVP3FR9-327884";"Fatura simplificada";"2025-10-09";"3,26 €";"0,38 €";"2,88 €";"Pendente";"X";""
"";"500829993 - Pingo Doce Distribuicao Alimentar Sa";"FS 08680552212212020/321859 / JFVP3FR9-321859";"Fatura simplificada";"2025-09-19";"3,26 €";"0,38 €";"2,88 €";"Pendente";"X";""
"";"518124304 - Fabulapetitosa Unipessoal Lda";"FS 1A2501/93923 / JJS64ZN7-93923";"Fatura simplificada";"2025-10-15";"2,30 €";"0,37 €";"1,93 €";"Pendente";"X";""
"";"500829993 - Pingo Doce Distribuicao Alimentar Sa";"FS 08680552212212020/339009 / JFVP3FR9-339009";"Fatura simplificada";"2025-11-16";"3,16 €";"0,36 €";"2,80 €";"Pendente";"X";""
"";"500829993 - Pingo Doce Distribuicao Alimentar Sa";"FS 08680552212212020/336543 / JFVP3FR9-336543";"Fatura simplificada";"2025-11-08";"3,17 €";"0,36 €";"2,81 €";"Pendente";"X";""
"";"500829993 - Pingo Doce Distribuicao Alimentar Sa";"FS 08680552212212020/311216 / JFVP3FR9-311216";"Fatura simplificada";"2025-08-14";"2,97 €";"0,34 €";"2,63 €";"Pendente";"X";""
"";"500829993 - Pingo Doce Distribuicao Alimentar Sa";"FS 08680552212212020/305440 / JFVP3FR9-305440";"Fatura simplificada";"2025-07-26";"2,97 €";"0,34 €";"2,63 €";"Pendente";"X";""
"";"500829993 - Pingo Doce Distribuicao Alimentar Sa";"FS 08680552212212020/302915 / JFVP3FR9-302915";"Fatura simplificada";"2025-07-18";"2,97 €";"0,34 €";"2,63 €";"Pendente";"X";""
"";"500829993 - Pingo Doce Distribuicao Alimentar Sa";"FS 08680552212212020/295657 / JFVP3FR9-295657";"Fatura simplificada";"2025-06-25";"2,98 €";"0,34 €";"2,64 €";"Pendente";"X";""
"";"500829993 - Pingo Doce Distribuicao Alimentar Sa";"FS 08680912407251530/053727 / JJKZWZ95-053727";"Fatura simplificada";"2025-06-04";"5,73 €";"0,34 €";"5,39 €";"Pendente";"X";""
"";"500829993 - Pingo Doce Distribuicao Alimentar Sa";"FS 08680552212212020/352155 / JFVP3FR9-352155";"Fatura simplificada";"2025-12-29";"2,89 €";"0,33 €";"2,56 €";"Pendente";"X";""
"";"500569410 - Versailles Lda";"FS 030/2341137 / JF2RMMNS-2341137";"Fatura simplificada";"2025-12-18";"2,90 €";"0,33 €";"2,57 €";"Pendente";"X";""
"";"500829993 - Pingo Doce Distribuicao Alimentar Sa";"FS 08680552212212020/333797 / JFVP3FR9-333797";"Fatura simplificada";"2025-10-30";"2,83 €";"0,33 €";"2,50 €";"Pendente";"X";""
"";"500829993 - Pingo Doce Distribuicao Alimentar Sa";"FS 08680552212212020/309658 / JFVP3FR9-309658";"Fatura simplificada";"2025-08-09";"2,87 €";"0,33 €";"2,54 €";"Pendente";"X";""
"";"500829993 - Pingo Doce Distribuicao Alimentar Sa";"FS 08680552212212020/299691 / JFVP3FR9-299691";"Fatura simplificada";"2025-07-08";"2,89 €";"0,33 €";"2,56 €";"Pendente";"X";""
"";"500829993 - Pingo Doce Distribuicao Alimentar Sa";"FS 08680552212212020/299464 / JFVP3FR9-299464";"Fatura simplificada";"2025-07-07";"2,89 €";"0,33 €";"2,56 €";"Pendente";"X";""
"";"500829993 - Pingo Doce Distribuicao Alimentar Sa";"FS 08680552212212020/298325 / JFVP3FR9-298325";"Fatura simplificada";"2025-07-04";"2,89 €";"0,33 €";"2,56 €";"Pendente";"X";""
"";"500829993 - Pingo Doce Distribuicao Alimentar Sa";"FS 08680552212212020/289530 / JFVP3FR9-289530";"Fatura simplificada";"2025-06-06";"2,87 €";"0,33 €";"2,54 €";"Pendente";"X";""
"";"500829993 - Pingo Doce Distribuicao Alimentar Sa";"FS 08680552212212020/299359 / JFVP3FR9-299359";"Fatura simplificada";"2025-07-07";"2,78 €";"0,32 €";"2,46 €";"Pendente";"X";""
"Saúde";"514328916 - Farmacias Tm, Lda";"FR U100/61600 / JJVDWFR8-61600";"Fatura-recibo";"2025-06-02";"5,49 €";"0,31 €";"5,18 €";"Registado";"X";""
"";"500829993 - Pingo Doce Distribuicao Alimentar Sa";"FS 08680552212212020/310574 / JFVP3FR9-310574";"Fatura simplificada";"2025-08-12";"2,57 €";"0,30 €";"2,27 €";"Pendente";"X";""
"";"500829993 - Pingo Doce Distribuicao Alimentar Sa";"FS 08680552212212020/343806 / JFVP3FR9-343806";"Fatura simplificada";"2025-12-02";"2,53 €";"0,29 €";"2,24 €";"Pendente";"X";""
"";"500829993 - Pingo Doce Distribuicao Alimentar Sa";"FS 08680552212212020/327371 / JFVP3FR9-327371";"Fatura simplificada";"2025-10-08";"2,53 €";"0,29 €";"2,24 €";"Pendente";"X";""
"Saúde";"503249785 - Gesfar Farmaceutica - Produtos Farmaceuticos Unipessoal Lda";"FR U003/290818 / JFZRPZPG-290818";"Fatura-recibo";"2025-07-13";"4,72 €";"0,27 €";"4,45 €";"Registado";"X";""
"";"500829993 - Pingo Doce Distribuicao Alimentar Sa";"FS 08680552212212020/286249 / JFVP3FR9-286249";"Fatura simplificada";"2025-05-27";"2,28 €";"0,26 €";"2,02 €";"Pendente";"X";""
"";"500829993 - Pingo Doce Distribuicao Alimentar Sa";"FS 08680552212212020/333576 / JFVP3FR9-333576";"Fatura simplificada";"2025-10-29";"2,08 €";"0,24 €";"1,84 €";"Pendente";"X";""
"";"500829993 - Pingo Doce Distribuicao Alimentar Sa";"FS 08680602306180719/057925 / JFYBNCSS-057925";"Fatura simplificada";"2025-09-17";"2,08 €";"0,24 €";"1,84 €";"Pendente";"X";""
"";"500829993 - Pingo Doce Distribuicao Alimentar Sa";"FS 08680932311091414/083493 / JF87BNT6-083493";"Fatura simplificada";"2025-06-07";"4,16 €";"0,24 €";"3,92 €";"Pendente";"X";""
"";"500829993 - Pingo Doce Distribuicao Alimentar Sa";"FS 08680552212212020/342583 / JFVP3FR9-342583";"Fatura simplificada";"2025-11-28";"2,04 €";"0,23 €";"1,81 €";"Pendente";"X";""
"";"500829993 - Pingo Doce Distribuicao Alimentar Sa";"FS 08680552212212020/339835 / JFVP3FR9-339835";"Fatura simplificada";"2025-11-19";"1,98 €";"0,23 €";"1,75 €";"Pendente";"X";""
"";"500829993 - Pingo Doce Distribuicao Alimentar Sa";"FS 08680552212212020/331394 / JFVP3FR9-331394";"Fatura simplificada";"2025-10-21";"1,58 €";"0,18 €";"1,40 €";"Pendente";"X";""
"";"500829993 - Pingo Doce Distribuicao Alimentar Sa";"FS 08680552212212020/321015 / JFVP3FR9-321015";"Fatura simplificada";"2025-09-16";"1,59 €";"0,18 €";"1,41 €";"Pendente";"X";""
"";"500829993 - Pingo Doce Distribuicao Alimentar Sa";"FS 08680902407240956/056324 / JJK83B4X-056324";"Fatura simplificada";"2025-06-03";"3,24 €";"0,18 €";"3,06 €";"Pendente";"X";""
"";"500498601 - Cp - Comboios de Portugal, Epe";"FS FS.1663/705292 / JFVXXFN3-705292";"Fatura simplificada";"2025-07-16";"3,00 €";"0,17 €";"2,83 €";"Pendente";"X";""
"";"500498601 - Cp - Comboios de Portugal, Epe";"FS FS.5504/16862 / JJKJ67K5-16862";"Fatura simplificada";"2025-06-17";"3,00 €";"0,17 €";"2,83 €";"Pendente";"X";""
"";"503630330 - Worten - Equipamentos Para o Lar S A";"FS CDT002/416555 / JF554YNC-416555";"Fatura simplificada";"2025-08-08";"0,74 €";"0,14 €";"0,60 €";"Pendente";"X";""
"";"500829993 - Pingo Doce Distribuicao Alimentar Sa";"FS 07070612507031439/012435 / JJ8D48RK-012435";"Fatura simplificada";"2025-12-31";"1,39 €";"0,08 €";"1,31 €";"Pendente";"X";""
"Outros";"500201307 - Nestlé Portugal, Unipessoal, Lda";"FT 901/38642486 / JF3MH634-38642486";"Fatura";"2025-07-26";"0,40 €";"0,07 €";"0,33 €";"Registado";"X";""
"Outros";"513204016 - Novo Banco S A";"F1 F42C/4206938457 / JJ3BCFP4-4206938457";"Fatura";"2025-12-27";"0,17 €";"0,00 €";"0,17 €";"Registado";"X";""
"Outros";"513204016 - Novo Banco S A";"F2 F43C/4310816796 / JJ3TCJF7-4310816796";"Fatura";"2025-12-01";"8,22 €";"0,00 €";"7,90 €";"Registado";"X";""
"Outros";"513204016 - Novo Banco S A";"F1 F42C/4206302857 / JJ3BCFP4-4206302857";"Fatura";"2025-11-27";"0,17 €";"0,00 €";"0,17 €";"Registado";"X";""
"Outros";"500731993 - Dhl Express Portugal Lda";"FT V/375100 / JFM3X7NT-375100";"Fatura";"2025-11-27";"73,80 €";"0,00 €";"73,80 €";"Registado";"X";""
"Outros";"513204016 - Novo Banco S A";"F2 F43C/4309771083 / JJ3TCJF7-4309771083";"Fatura";"2025-11-01";"8,22 €";"0,00 €";"7,90 €";"Registado";"X";""
"Outros";"513204016 - Novo Banco S A";"F2 F43C/4308783664 / JJ3TCJF7-4308783664";"Fatura";"2025-10-01";"8,22 €";"0,00 €";"7,90 €";"Registado";"X";""
"";"500829993 - Pingo Doce Distribuicao Alimentar Sa";"FS 08680552212212020/324127 / JFVP3FR9-324127";"Fatura simplificada";"2025-09-27";"0,00 €";"0,00 €";"0,00 €";"Pendente";"X";""
"Outros";"513204016 - Novo Banco S A";"F2 F43C/4307880956 / JJ3TCJF7-4307880956";"Fatura";"2025-09-01";"8,22 €";"0,00 €";"7,90 €";"Registado";"X";""
"Outros";"513204016 - Novo Banco S A";"F2 F43C/4306825385 / JJ3TCJF7-4306825385";"Fatura";"2025-08-01";"8,22 €";"0,00 €";"7,90 €";"Registado";"X";""
"";"501882766 - Widex - Reabilitação Auditiva, Unipessoal Lda";"FS 44125/001733 / JJ4BNWWD-001733";"Fatura simplificada";"2025-07-16";"0,00 €";"0,00 €";"0,00 €";"Pendente";"X";""
"";"500839166 - Ordem dos Engenheiros";"FR 2025RS/30753 / JJWHKNG8-30753";"Fatura-recibo";"2025-07-15";"287,50 €";"0,00 €";"287,50 €";"Pendente";"X";""
"Outros";"513204016 - Novo Banco S A";"F2 F43C/4305830003 / JJ3TCJF7-4305830003";"Fatura";"2025-07-01";"8,22 €";"0,00 €";"7,90 €";"Registado";"X";""
"Outros";"513204016 - Novo Banco S A";"F2 F43C/4305011474 / JJ3TCJF7-4305011474";"Fatura";"2025-06-05";"8,22 €";"0,00 €";"7,90 €";"Registado";"X";""
"Outros";"502604751 - Nos Comunicações S A";"ZFZG B1M2/0047290552 / JF23XJ9Y-0047290552";"Fatura";"2025-06-02";"0,00 €";"0,00 €";"0,00 €";"Registado";"X";""